{"frequency":[125.89254117941673,158.48931924611137,199.526231496888,251.18864315095807,316.227766016838,398.1071705534974,501.18723362727249,630.9573444801935,794.3282347242819,1000.0000000000005,1258.9254117941678,1584.8931924611143,1995.2623149688807,2511.8864315095818,3162.2776601683815,3981.071705534975,5011.872336272726,6309.573444801937,7943.282347242821,10000.000000000007],"bp":[-38.16368012494641,-34.00326791039952,-29.86857965331633,-25.730087836982699,-21.558729597640963,-17.320609580974826,-12.973474822930715,-8.470043824199913,-3.7903033340660658,0.9148062609939669,4.858885383388799,6.115253317994574,3.5637867835560228,-1.1770810570885973,-6.580727245488429,-12.328028800052275,-18.853451283180946,-27.932034910236014,-48.44932852660952,-30.39859381467412],"hp":[-37.8408819684334,-33.86808038751282,-29.884318683782398,-25.89402957126041,-21.901953734583665,-17.916949425812726,-13.962008076968724,-10.104140708831004,-6.55244868740859,-4.01788218830878,-5.370036274500784,-12.860153090035962,1.7042305340020978,4.782529819473224,5.62940795186287,5.852771506998935,5.890481456005427,5.868950372380711,5.822502723110209,5.75480322357842],"lp":[5.846551056577591,5.858418696669617,5.866745841217905,5.8722887716209819,5.873542745196335,5.863578147848232,5.820385172790672,5.677064106917745,5.223294936584897,3.7429246141323104,-1.6668822314981898,-12.707523033743149,-2.429558670083595,-3.3859217241655426,-6.560114124780886,-10.359462889406526,-14.353095945987914,-18.422096750259919,-22.54303419838825,-26.729598946096858]}