{"output":[0,8.000000000000002e-3,0.06400000000000002,0.2160000000000001,0.5120000000000001,1,1.7280000000000009,2.7440000000000008,4.096000000000001,5.832000000000001,8,10.648000000000004,13.824000000000007,17.576,21.952000000000007,27,32.76800000000001,39.30400000000001,46.656000000000009,54.872000000000017,64,74.08800000000001,85.18400000000003,97.33600000000003,110.59200000000006],"time":[0,0.2,0.4,0.6000000000000001,0.8,1,1.2000000000000002,1.4000000000000002,1.6,1.8,2,2.2,2.4000000000000005,2.6,2.8000000000000004,3,3.2,3.4000000000000005,3.6,3.8000000000000004,4,4.2,4.4,4.6000000000000009,4.800000000000001]}